<?xml version="1.0" encoding="UTF-8"?>
<project-private xmlns="http://www.netbeans.org/ns/project-private/1">
    <editor-bookmarks xmlns="http://www.netbeans.org/ns/editor-bookmarks/1"/>
    <open-files xmlns="http://www.netbeans.org/ns/projectui-open-files/1">
        <file>file:/E:/2013%20Projects/Pragya/1/src/Chatwindow.java</file>
        <file>file:/E:/2013%20Projects/Pragya/1/src/uploadpic.java</file>
        <file>file:/E:/2013%20Projects/Pragya/1/src/aftersignin.java</file>
        <file>file:/E:/2013%20Projects/Pragya/1/src/MiddleApp.java</file>
    </open-files>
</project-private>
